{
  "error": false,
  "message": "Products retrieved successfully!",
  "language_message_key": "products_retrieved_successfully",
  "total": 1,
  "min_price": 40,
  "max_price": 40,
  "category_ids": [
    144
  ],
  "brand_ids": [
    ""
  ],
  "data": [
    {
      "id": 142,
      "store_id": 38,
      "title": "Sale",
      "slug": "sale",
      "short_description": "Take advantage of our amazing sale today! From stylish clothing to must-have accessories, we have everything you need to upgrade your wardrobe without breaking the bank. Don't miss out on these incredible deals - shop now before it's too late!",
      "description": "",
      "image": "https://eshop-pro.eshopweb.store/storage/media/slider_c-1760100428_6634.png",
      "seller_id": 91,
      "product_type": "physical_product",
      "product_ids": "543,544",
      "product_variant_ids": "869,870",
      "category_ids": "144",
      "price": "50",
      "special_price": "40",
      "attribute": "",
      "attribute_value_ids": "",
      "deliverable_type": 0,
      "deliverable_zipcodes": null,
      "city_deliverable_type": 1,
      "deliverable_cities": "",
      "deliverable_zones": "",
      "pickup_location": "",
      "other_images": [],
      "tax": "",
      "tags": [],
      "selected_products": 0,
      "sku": "",
      "stock": "",
      "availability": 1,
      "cod_allowed": 0,
      "download_allowed": 0,
      "download_type": "",
      "download_link": "",
      "is_prices_inclusive_tax": 0,
      "is_returnable": 0,
      "is_cancelable": 0,
      "cancelable_till": "",
      "is_attachment_required": 0,
      "weight": "0",
      "height": "0",
      "length": "0",
      "breadth": "0",
      "total_allowed_quantity": 0,
      "minimum_order_quantity": 1,
      "quantity_step_size": 1,
      "has_similar_product": "",
      "similar_product_ids": "",
      "status": 1,
      "is_in_affiliate": 0,
      "minimum_free_delivery_order_qty": 0,
      "delivery_charges": "",
      "rating": 0,
      "no_of_ratings": 0,
      "created_at": "2025-10-10T13:02:30.000000Z",
      "updated_at": "2025-10-10T13:02:30.000000Z",
      "seller_rating": "0",
      "seller_slug": "stylemart",
      "seller_no_of_ratings": 0,
      "seller_profile": "https://eshop-pro.eshopweb.store/logo-1733221549_8104.jpg",
      "store_name": "StyleMart",
      "store_description": "Your marketplace for chic and trendy fashion.",
      "seller_name": "StyleMart",
      "tax_percentage": "",
      "tax_id": "0",
      "cal_discount_percentage": 20,
      "variant_attribute_value_ids": null,
      "product_id": 543,
      "product_name": "Casual Short-Sleeve Hoodie",
      "category_id": 144,
      "brand": "",
      "attr_value_ids": "",
      "translated_name": {
        "en": "Sale",
        "hn": null,
        "ar": null
      },
      "translated_short_description": {
        "en": "Take advantage of our amazing sale today! From stylish clothing to must-have accessories, we have everything you need to upgrade your wardrobe without breaking the bank. Don't miss out on these incredible deals - shop now before it's too late!",
        "hn": null,
        "ar": null
      },
      "currency_price_data": {
        "USD": {
          "currency_code": "USD",
          "symbol": "$",
          "exchange_rate": "1.00",
          "amount": "50.00"
        },
        "INR": {
          "currency_code": "INR",
          "symbol": "₹",
          "exchange_rate": "2.00",
          "amount": "100.00"
        },
        "EUR": {
          "currency_code": "EUR",
          "symbol": "€",
          "exchange_rate": "0.92",
          "amount": "45.84"
        },
        "A": {
          "currency_code": "A",
          "symbol": "A",
          "exchange_rate": "343.00",
          "amount": "17,150.00"
        }
      },
      "product_rating_data": {
        "total_images": 0,
        "total_reviews_with_images": 0,
        "no_of_rating": 0,
        "total_reviews": 0,
        "star_1": "0",
        "star_2": "0",
        "star_3": "0",
        "star_4": "0",
        "star_5": "0",
        "product_rating": [],
        "no_of_reviews": 0
      },
      "tax_names": "",
      "attributes": [],
      "other_images_relative_path": [],
      "min_max_price": {
        "min_price": 50,
        "max_price": 50,
        "special_price": 40,
        "max_special_price": 40,
        "discount_in_percentage": 20
      },
      "type": "combo-product",
      "stock_type": "",
      "other_images_sm": [],
      "other_images_md": [],
      "relative_path": "/media/slider_c-1760100428_6634.png",
      "is_favorite": 0,
      "name": "Sale",
      "new_arrival": false,
      "best_seller": false,
      "deliverable_zones_ids": "",
      "category_name": "",
      "is_deliverable": false,
      "is_purchased": 0,
      "product_details": [
        {
          "id": 543,
          "name": "Casual Short-Sleeve Hoodie",
          "image": "https://eshop-pro.eshopweb.store/storage/media/product-image-(1)-1736507409_3155.png",
          "type": "simple_product",
          "slug": "casual-short-sleeve-hoodie",
          "category_id": 144,
          "brand": "",
          "tax": "16",
          "is_prices_inclusive_tax": 0,
          "tax_percentage": "18",
          "variants": [
            {
              "id": 869,
              "product_id": 543,
              "attribute_value_ids": null,
              "attribute_set": null,
              "price": "175.82",
              "special_price": "116.82",
              "sku": null,
              "stock": null,
              "weight": 0,
              "height": 0,
              "breadth": 0,
              "length": 0,
              "images": [],
              "availability": "",
              "status": 1,
              "created_at": "2025-01-08T07:25:23.000000Z",
              "updated_at": "2025-07-25T11:05:37.000000Z",
              "variant_ids": "",
              "attr_name": "",
              "variant_values": "",
              "swatche_type": "",
              "swatche_value_raw": "",
              "swatche_value": "0",
              "product_name": "Casual Short-Sleeve Hoodie"
            }
          ]
        },
        {
          "id": 544,
          "name": "Unisex Oversized Hoodie - White",
          "image": "https://eshop-pro.eshopweb.store/storage/media/new-1736408631_3949.jpg",
          "type": "simple_product",
          "slug": "unisex-oversized-hoodie-white",
          "category_id": 144,
          "brand": "",
          "tax": "16",
          "is_prices_inclusive_tax": 0,
          "tax_percentage": "18",
          "variants": [
            {
              "id": 870,
              "product_id": 544,
              "attribute_value_ids": null,
              "attribute_set": null,
              "price": "352.82",
              "special_price": "199.42",
              "sku": null,
              "stock": null,
              "weight": 0,
              "height": 0,
              "breadth": 0,
              "length": 0,
              "images": [],
              "availability": "",
              "status": 1,
              "created_at": "2025-01-08T07:38:10.000000Z",
              "updated_at": "2025-07-25T10:58:31.000000Z",
              "variant_ids": "",
              "attr_name": "",
              "variant_values": "",
              "swatche_type": "",
              "swatche_value_raw": "",
              "swatche_value": "0",
              "product_name": "Unisex Oversized Hoodie - White"
            }
          ]
        }
      ],
      "similar_product_details": [],
      "seller_data": {
        "id": 91,
        "user_id": 358,
        "national_identity_card": "/address-1733221549_8135.jpg",
        "authorized_signature": "/screenshot-2025-01-11-104315-1736578220_4327.png",
        "disk": "public",
        "pan_number": "XPT345678Z",
        "status": 1,
        "created_at": "2024-12-03T04:55:49.000000Z",
        "updated_at": "2025-04-01T13:46:50.000000Z"
      },
      "seller_store": {
        "id": 109,
        "seller_id": 91,
        "user_id": 358,
        "store_id": 38,
        "slug": "stylemart",
        "category_ids": "144,146,145",
        "store_name": "StyleMart",
        "store_description": "Your marketplace for chic and trendy fashion.",
        "logo": "/logo-1733221549_8104.jpg",
        "store_thumbnail": "/banner-1733221549_3050.jpg",
        "other_documents": null,
        "disk": "public",
        "store_url": "StyleMart",
        "no_of_ratings": 0,
        "rating": 0,
        "bank_name": "BOP",
        "bank_code": "BOP123",
        "account_name": "StyleMart",
        "account_number": "9876543210000",
        "address_proof": "/address-1733221549_8030.jpg",
        "tax_name": "GST",
        "tax_number": "BOP123321",
        "permissions": "{\"require_products_approval\":0,\"customer_privacy\":1,\"view_order_otp\":0,\"assign_delivery_boy\":1}",
        "commission": 0,
        "latitude": "",
        "longitude": "",
        "city": 36,
        "zipcode": 19,
        "deliverable_type": 1,
        "deliverable_zones": null,
        "status": 1,
        "created_at": "2024-12-03 10:25:49",
        "updated_at": "2024-12-03 10:25:49"
      },
      "user": {
        "id": 358,
        "role_id": 4,
        "ip_address": null,
        "username": "StyleMart",
        "email": "StyleMart@gmail.com",
        "mobile": "8140535858",
        "image": "",
        "disk": "",
        "balance": 4659.6112,
        "activation_selector": null,
        "activation_code": null,
        "forgotten_password_selector": null,
        "forgotten_password_code": null,
        "forgotten_password_time": null,
        "remember_selector": null,
        "created_on": null,
        "last_login": null,
        "active": 1,
        "company": null,
        "address": "78 Bapu Bazaar, Ahmedabad, Gujarat, India",
        "bonus_type": "percentage_per_order_item",
        "bonus": null,
        "cash_received": 0,
        "dob": null,
        "country_code": null,
        "city": "35",
        "area": null,
        "street": null,
        "pincode": "10",
        "serviceable_zipcodes": null,
        "serviceable_cities": "",
        "serviceable_zones": null,
        "apikey": null,
        "referral_code": null,
        "friends_code": null,
        "fcm_id": null,
        "latitude": null,
        "longitude": null,
        "type": "phone",
        "front_licence_image": null,
        "back_licence_image": null,
        "status": 0,
        "is_notification_on": 1,
        "is_affiliate_user": 0,
        "created_at": "2024-12-03T04:55:49.000000Z",
        "updated_at": "2025-11-14T03:19:40.000000Z",
        "active_status": 0,
        "avatar": "avatar.png",
        "dark_mode": 0,
        "messenger_color": "#ff2522",
        "laravel_through_key": 91
      },
      "taxes": [],
      "products": [
        {
          "id": 543,
          "store_id": 38,
          "product_identity": null,
          "category_id": 144,
          "seller_id": 91,
          "tax": "16",
          "row_order": 0,
          "type": "simple_product",
          "stock_type": "0",
          "name": "{\"en\":\"Casual Short-Sleeve Hoodie\",\"hn\":\"कैजुअल शॉर्ट-स्लीव हूडी\",\"ar\":\"هودي قصير الأكمام غير رسمي\"}",
          "short_description": "{\"en\":\"Stylish short-sleeve hoodie, ideal for casual outings.\",\"hn\":\"स्टाइलिश शॉर्ट-स्लीव हूडी, कैजुअल आउटिंग के लिए आदर्श।\",\"ar\":\"هودي أنيق بأكمام قصيرة، مثالي للخروجات غير الرسمية.\"}",
          "slug": "casual-short-sleeve-hoodie",
          "indicator": 0,
          "cod_allowed": 1,
          "download_allowed": 0,
          "download_type": "",
          "download_link": "",
          "minimum_order_quantity": 1,
          "quantity_step_size": 1,
          "total_allowed_quantity": 20,
          "is_prices_inclusive_tax": 0,
          "is_returnable": 1,
          "is_cancelable": 0,
          "cancelable_till": "",
          "is_attachment_required": 0,
          "image": "/media/product-image-(1)-1736507409_3155.png",
          "other_images": "null",
          "video_type": "",
          "video": "",
          "tags": "Hoodie,Casual Wear,Comfortable,Short-Sleeve",
          "warranty_period": "",
          "guarantee_period": "",
          "made_in": "India",
          "hsn_code": "6109",
          "brand": "",
          "sku": "HOOD-SS-WHITE-M",
          "stock": 9871,
          "availability": 1,
          "rating": 0,
          "no_of_ratings": 0,
          "description": "<p>This casual short-sleeve hoodie is perfect for a laid-back, stylish look. Made with premium materials, it offers comfort and a modern fit for everyday wear. Perfect for casual outings, it adds a modern touch to your wardrobe.</p>",
          "extra_description": "",
          "deliverable_type": 1,
          "deliverable_zipcodes": null,
          "city_deliverable_type": 1,
          "deliverable_cities": "",
          "deliverable_zones": "",
          "pickup_location": "",
          "status": 1,
          "is_in_affiliate": 0,
          "minimum_free_delivery_order_qty": 0,
          "delivery_charges": 50,
          "created_at": "2025-01-08T07:25:23.000000Z",
          "updated_at": "2025-11-06T21:01:06.000000Z",
          "pivot": {
            "id": 142,
            "product_ids": "543,544"
          }
        }
      ],
      "attribute_values": [],
      "product_variants": [],
      "combo_product_attribute_values": []
    }
  ]
}