{
  "error": false,
  "message": "Zipcode retrived successfully",
  "total": 13,
  "data": [
    {
      "id": 9,
      "zipcode": "370002",
      "city_id": 33,
      "minimum_free_delivery_order_amount": 200000,
      "delivery_charges": 0,
      "created_at": "2024-12-16T02:58:25.000000Z",
      "updated_at": "2025-04-01T23:03:35.000000Z"
    },
    {
      "id": 10,
      "zipcode": "370001",
      "city_id": 33,
      "minimum_free_delivery_order_amount": 31276888,
      "delivery_charges": 0,
      "created_at": "2024-12-16T02:59:17.000000Z",
      "updated_at": "2025-01-11T02:48:38.000000Z"
    },
    {
      "id": 11,
      "zipcode": "370003",
      "city_id": 33,
      "minimum_free_delivery_order_amount": 0,
      "delivery_charges": 0,
      "created_at": "2024-12-16T03:00:10.000000Z",
      "updated_at": "2025-01-11T02:51:39.000000Z"
    },
    {
      "id": 12,
      "zipcode": "370004",
      "city_id": 33,
      "minimum_free_delivery_order_amount": 100000,
      "delivery_charges": 0,
      "created_at": "2024-12-16T03:00:32.000000Z",
      "updated_at": "2025-01-11T02:53:50.000000Z"
    },
    {
      "id": 13,
      "zipcode": "370005",
      "city_id": 33,
      "minimum_free_delivery_order_amount": 1,
      "delivery_charges": null,
      "created_at": "2024-12-16T03:01:19.000000Z",
      "updated_at": "2024-12-16T03:47:44.000000Z"
    },
    {
      "id": 14,
      "zipcode": "370006",
      "city_id": 33,
      "minimum_free_delivery_order_amount": 3,
      "delivery_charges": 3,
      "created_at": "2024-12-16T03:01:34.000000Z",
      "updated_at": "2024-12-16T03:24:51.000000Z"
    },
    {
      "id": 24,
      "zipcode": "400001",
      "city_id": 41,
      "minimum_free_delivery_order_amount": 200,
      "delivery_charges": 10,
      "created_at": "2025-04-01T23:01:32.000000Z",
      "updated_at": "2025-04-01T23:01:32.000000Z"
    },
    {
      "id": 25,
      "zipcode": "400002",
      "city_id": 41,
      "minimum_free_delivery_order_amount": 800,
      "delivery_charges": 600,
      "created_at": "2025-04-01T23:01:49.000000Z",
      "updated_at": "2025-04-01T23:01:49.000000Z"
    },
    {
      "id": 26,
      "zipcode": "110001",
      "city_id": 42,
      "minimum_free_delivery_order_amount": 800,
      "delivery_charges": 50,
      "created_at": "2025-04-01T23:02:59.000000Z",
      "updated_at": "2025-04-01T23:02:59.000000Z"
    },
    {
      "id": 27,
      "zipcode": "110005",
      "city_id": 42,
      "minimum_free_delivery_order_amount": 50,
      "delivery_charges": 0,
      "created_at": "2025-04-01T23:03:19.000000Z",
      "updated_at": "2025-04-01T23:03:19.000000Z"
    },
    {
      "id": 28,
      "zipcode": "300018",
      "city_id": 40,
      "minimum_free_delivery_order_amount": 10,
      "delivery_charges": 0,
      "created_at": "2025-04-01T23:07:08.000000Z",
      "updated_at": "2025-04-01T23:07:08.000000Z"
    },
    {
      "id": 29,
      "zipcode": "180001",
      "city_id": 43,
      "minimum_free_delivery_order_amount": 20,
      "delivery_charges": 0,
      "created_at": "2025-04-01T23:07:57.000000Z",
      "updated_at": "2025-04-01T23:07:57.000000Z"
    },
    {
      "id": 30,
      "zipcode": "394720",
      "city_id": 36,
      "minimum_free_delivery_order_amount": 200,
      "delivery_charges": 0,
      "created_at": "2025-04-01T23:09:05.000000Z",
      "updated_at": "2025-04-01T23:09:05.000000Z"
    }
  ]
}