{
  "error": false,
  "message": "Sliders Retrieved Successfully",
  "language_message_key": "sliders_retrieved_successfully",
  "data": [
    {
      "id": 53,
      "store_id": 38,
      "type": "categories",
      "type_id": 145,
      "link": "",
      "image": "https://eshop-pro.eshopweb.store/storage/media/place-image-here-(2)-1737007068_3804.png",
      "created_at": "2025-01-16T00:28:03.000000Z",
      "updated_at": "2025-01-16T00:28:03.000000Z",
      "data": [
        {
          "id": 145,
          "store_id": 38,
          "name": "Women",
          "parent_id": 0,
          "slug": "women",
          "image": "https://eshop-pro.eshopweb.store/media/image?url=https%3A%2F%2Feshop-pro.eshopweb.store%2Fstorage%2F%2F%2Fmedia%2Fwomen-1733491824_5559.jpg&width=400&quality=90",
          "banner": "https://eshop-pro.eshopweb.store/media/image?url=https%3A%2F%2Feshop-pro.eshopweb.store%2Fstorage%2F%2F%2Fmedia%2Fwomen_banner-1733491824_8066.jpg&width=400&quality=90",
          "style": "",
          "row_order": 2,
          "status": 1,
          "affiliate_commission": 0,
          "is_in_affiliate": 0,
          "clicks": 0,
          "created_at": "2024-12-03T07:36:33.000000Z",
          "updated_at": "2025-10-10T12:45:15.000000Z",
          "children": [
            {
              "id": 185,
              "store_id": 38,
              "name": "Top Wear",
              "parent_id": 145,
              "slug": "top-wear-1",
              "image": "https://eshop-pro.eshopweb.store/media/image?url=https%3A%2F%2Feshop-pro.eshopweb.store%2Fstorage%2F%2F%2Fmedia%2Ftop-wear-1733897379_3793.jpg&width=400&quality=90",
              "banner": "https://eshop-pro.eshopweb.store/media/image?url=https%3A%2F%2Feshop-pro.eshopweb.store%2Fstorage%2F%2F%2Fmedia%2Ftop-wear-1733897379_3793.jpg&width=400&quality=90",
              "style": "",
              "row_order": 0,
              "status": 1,
              "affiliate_commission": 0,
              "is_in_affiliate": 0,
              "clicks": 0,
              "created_at": "2024-12-11T00:40:33.000000Z",
              "updated_at": "2025-05-09T03:38:16.000000Z",
              "children": [
                {
                  "id": 192,
                  "store_id": 38,
                  "name": "T-shirt",
                  "parent_id": 185,
                  "slug": "t-shirt",
                  "image": "https://eshop-pro.eshopweb.store/media/image?url=https%3A%2F%2Feshop-pro.eshopweb.store%2Fstorage%2F%2F%2Fmedia%2Fwomen-t-shirt-1733898866_2217.jpg&width=400&quality=90",
                  "banner": "https://eshop-pro.eshopweb.store/media/image?url=https%3A%2F%2Feshop-pro.eshopweb.store%2Fstorage%2F%2F%2Fmedia%2Fwomen-t-shirt-1733898866_2217.jpg&width=400&quality=90",
                  "style": "",
                  "row_order": 0,
                  "status": 1,
                  "affiliate_commission": 0,
                  "is_in_affiliate": 0,
                  "clicks": 0,
                  "created_at": "2024-12-11T01:05:02.000000Z",
                  "updated_at": "2025-05-09T03:38:16.000000Z",
                  "children": [],
                  "text": "T-shirt",
                  "state": {
                    "opened": true
                  },
                  "icon": "jstree-folder",
                  "level": 2
                },
                {
                  "id": 199,
                  "store_id": 38,
                  "name": "Sweaters",
                  "parent_id": 185,
                  "slug": "sweaters",
                  "image": "https://eshop-pro.eshopweb.store/media/image?url=https%3A%2F%2Feshop-pro.eshopweb.store%2Fstorage%2F%2F%2Fmedia%2Fwomen-sweaters-1733902173_1839.jpg&width=400&quality=90",
                  "banner": "https://eshop-pro.eshopweb.store/media/image?url=https%3A%2F%2Feshop-pro.eshopweb.store%2Fstorage%2F%2F%2Fmedia%2Fwomen-sweaters-1733902173_1839.jpg&width=400&quality=90",
                  "style": "",
                  "row_order": 0,
                  "status": 1,
                  "affiliate_commission": 0,
                  "is_in_affiliate": 0,
                  "clicks": 0,
                  "created_at": "2024-12-11T01:29:54.000000Z",
                  "updated_at": "2025-05-09T03:38:16.000000Z",
                  "children": [],
                  "text": "Sweaters",
                  "state": {
                    "opened": true
                  },
                  "icon": "jstree-folder",
                  "level": 2
                },
                {
                  "id": 208,
                  "store_id": 38,
                  "name": "Hoodies",
                  "parent_id": 185,
                  "slug": "hoodies",
                  "image": "https://eshop-pro.eshopweb.store/media/image?url=https%3A%2F%2Feshop-pro.eshopweb.store%2Fstorage%2F%2F%2Fmedia%2Fwomen-hoodies-1733902832_5676.jpg&width=400&quality=90",
                  "banner": "https://eshop-pro.eshopweb.store/media/image?url=https%3A%2F%2Feshop-pro.eshopweb.store%2Fstorage%2F%2F%2Fmedia%2Fwomen-hoodies-1733902832_5676.jpg&width=400&quality=90",
                  "style": "",
                  "row_order": 0,
                  "status": 1,
                  "affiliate_commission": 0,
                  "is_in_affiliate": 0,
                  "clicks": 0,
                  "created_at": "2024-12-11T02:10:52.000000Z",
                  "updated_at": "2025-05-09T03:38:16.000000Z",
                  "children": [],
                  "text": "Hoodies",
                  "state": {
                    "opened": true
                  },
                  "icon": "jstree-folder",
                  "level": 2
                }
              ],
              "text": "Top Wear",
              "state": {
                "opened": true
              },
              "icon": "jstree-folder",
              "level": 1
            },
            {
              "id": 209,
              "store_id": 38,
              "name": "Bottoms Wear",
              "parent_id": 145,
              "slug": "bottoms-wear",
              "image": "https://eshop-pro.eshopweb.store/media/image?url=https%3A%2F%2Feshop-pro.eshopweb.store%2Fstorage%2F%2F%2Fmedia%2Fwomen-bottoms-wear-1733904661_5717.jpg&width=400&quality=90",
              "banner": "https://eshop-pro.eshopweb.store/media/image?url=https%3A%2F%2Feshop-pro.eshopweb.store%2Fstorage%2F%2F%2Fmedia%2Fwomen-bottoms-wear-1733904661_5717.jpg&width=400&quality=90",
              "style": "",
              "row_order": 0,
              "status": 1,
              "affiliate_commission": 0,
              "is_in_affiliate": 0,
              "clicks": 0,
              "created_at": "2024-12-11T02:41:27.000000Z",
              "updated_at": "2025-05-09T03:38:16.000000Z",
              "children": [
                {
                  "id": 210,
                  "store_id": 38,
                  "name": "Jeans",
                  "parent_id": 209,
                  "slug": "jeans-1",
                  "image": "https://eshop-pro.eshopweb.store/media/image?url=https%3A%2F%2Feshop-pro.eshopweb.store%2Fstorage%2F%2F%2Fmedia%2Fwomen-jeans-1733904981_8118.jpg&width=400&quality=90",
                  "banner": "https://eshop-pro.eshopweb.store/media/image?url=https%3A%2F%2Feshop-pro.eshopweb.store%2Fstorage%2F%2F%2Fmedia%2Fwomen-jeans-1733904981_8118.jpg&width=400&quality=90",
                  "style": "",
                  "row_order": 0,
                  "status": 1,
                  "affiliate_commission": 0,
                  "is_in_affiliate": 0,
                  "clicks": 0,
                  "created_at": "2024-12-11T02:46:40.000000Z",
                  "updated_at": "2025-05-09T03:38:16.000000Z",
                  "children": [],
                  "text": "Jeans",
                  "state": {
                    "opened": true
                  },
                  "icon": "jstree-folder",
                  "level": 2
                },
                {
                  "id": 212,
                  "store_id": 38,
                  "name": "Skirts",
                  "parent_id": 209,
                  "slug": "skirts",
                  "image": "https://eshop-pro.eshopweb.store/media/image?url=https%3A%2F%2Feshop-pro.eshopweb.store%2Fstorage%2F%2F%2Fmedia%2Fwomen-skirts-1733905976_8227.jpg&width=400&quality=90",
                  "banner": "https://eshop-pro.eshopweb.store/media/image?url=https%3A%2F%2Feshop-pro.eshopweb.store%2Fstorage%2F%2F%2Fmedia%2Fwomen-skirts-1733905976_8227.jpg&width=400&quality=90",
                  "style": "",
                  "row_order": 0,
                  "status": 1,
                  "affiliate_commission": 0,
                  "is_in_affiliate": 0,
                  "clicks": 0,
                  "created_at": "2024-12-11T03:03:13.000000Z",
                  "updated_at": "2025-05-09T03:38:16.000000Z",
                  "children": [],
                  "text": "Skirts",
                  "state": {
                    "opened": true
                  },
                  "icon": "jstree-folder",
                  "level": 2
                },
                {
                  "id": 213,
                  "store_id": 38,
                  "name": "Pants",
                  "parent_id": 209,
                  "slug": "pants",
                  "image": "https://eshop-pro.eshopweb.store/media/image?url=https%3A%2F%2Feshop-pro.eshopweb.store%2Fstorage%2F%2F%2Fmedia%2Fwomen-pants-1733907516_1206.jpg&width=400&quality=90",
                  "banner": "https://eshop-pro.eshopweb.store/media/image?url=https%3A%2F%2Feshop-pro.eshopweb.store%2Fstorage%2F%2F%2Fmedia%2Fwomen-pants-1733907516_1206.jpg&width=400&quality=90",
                  "style": "",
                  "row_order": 0,
                  "status": 1,
                  "affiliate_commission": 0,
                  "is_in_affiliate": 0,
                  "clicks": 0,
                  "created_at": "2024-12-11T03:28:51.000000Z",
                  "updated_at": "2025-05-09T03:38:16.000000Z",
                  "children": [],
                  "text": "Pants",
                  "state": {
                    "opened": true
                  },
                  "icon": "jstree-folder",
                  "level": 2
                }
              ],
              "text": "Bottoms Wear",
              "state": {
                "opened": true
              },
              "icon": "jstree-folder",
              "level": 1
            },
            {
              "id": 214,
              "store_id": 38,
              "name": "Dresses",
              "parent_id": 145,
              "slug": "dresses",
              "image": "https://eshop-pro.eshopweb.store/media/image?url=https%3A%2F%2Feshop-pro.eshopweb.store%2Fstorage%2F%2F%2Fmedia%2Fwomen-casual-dress-1733911713_4354.jpg&width=400&quality=90",
              "banner": "https://eshop-pro.eshopweb.store/media/image?url=https%3A%2F%2Feshop-pro.eshopweb.store%2Fstorage%2F%2F%2Fmedia%2Fwomen-casual-dress-1733911713_4354.jpg&width=400&quality=90",
              "style": "",
              "row_order": 0,
              "status": 1,
              "affiliate_commission": 0,
              "is_in_affiliate": 0,
              "clicks": 0,
              "created_at": "2024-12-11T04:38:42.000000Z",
              "updated_at": "2025-05-09T03:38:16.000000Z",
              "children": [
                {
                  "id": 215,
                  "store_id": 38,
                  "name": "Casual Dress",
                  "parent_id": 214,
                  "slug": "casual-dress",
                  "image": "https://eshop-pro.eshopweb.store/media/image?url=https%3A%2F%2Feshop-pro.eshopweb.store%2Fstorage%2F%2F%2Fmedia%2Fwomen-casual-dress-1733913711_1061.jpg&width=400&quality=90",
                  "banner": "https://eshop-pro.eshopweb.store/media/image?url=https%3A%2F%2Feshop-pro.eshopweb.store%2Fstorage%2F%2F%2Fmedia%2Fwomen-casual-dress-1733913711_1061.jpg&width=400&quality=90",
                  "style": "",
                  "row_order": 0,
                  "status": 1,
                  "affiliate_commission": 0,
                  "is_in_affiliate": 0,
                  "clicks": 0,
                  "created_at": "2024-12-11T05:09:52.000000Z",
                  "updated_at": "2025-05-09T03:38:16.000000Z",
                  "children": [],
                  "text": "Casual Dress",
                  "state": {
                    "opened": true
                  },
                  "icon": "jstree-folder",
                  "level": 2
                },
                {
                  "id": 216,
                  "store_id": 38,
                  "name": "Formal Dress",
                  "parent_id": 214,
                  "slug": "formal-dress",
                  "image": "https://eshop-pro.eshopweb.store/media/image?url=https%3A%2F%2Feshop-pro.eshopweb.store%2Fstorage%2F%2F%2Fmedia%2Fwomen-formal-dress-1733915797_3921.jpg&width=400&quality=90",
                  "banner": "https://eshop-pro.eshopweb.store/media/image?url=https%3A%2F%2Feshop-pro.eshopweb.store%2Fstorage%2F%2F%2Fmedia%2Fwomen-formal-dress-1733915797_3921.jpg&width=400&quality=90",
                  "style": "",
                  "row_order": 0,
                  "status": 1,
                  "affiliate_commission": 0,
                  "is_in_affiliate": 0,
                  "clicks": 0,
                  "created_at": "2024-12-11T05:46:57.000000Z",
                  "updated_at": "2025-05-09T03:38:16.000000Z",
                  "children": [],
                  "text": "Formal Dress",
                  "state": {
                    "opened": true
                  },
                  "icon": "jstree-folder",
                  "level": 2
                },
                {
                  "id": 217,
                  "store_id": 38,
                  "name": "Maxi",
                  "parent_id": 214,
                  "slug": "maxi",
                  "image": "https://eshop-pro.eshopweb.store/media/image?url=https%3A%2F%2Feshop-pro.eshopweb.store%2Fstorage%2F%2F%2Fmedia%2Fwomen-maxi-1733915797_7047.jpg&width=400&quality=90",
                  "banner": "https://eshop-pro.eshopweb.store/media/image?url=https%3A%2F%2Feshop-pro.eshopweb.store%2Fstorage%2F%2F%2Fmedia%2Fwomen-maxi-1733915797_7047.jpg&width=400&quality=90",
                  "style": "",
                  "row_order": 0,
                  "status": 1,
                  "affiliate_commission": 0,
                  "is_in_affiliate": 0,
                  "clicks": 0,
                  "created_at": "2024-12-11T05:47:33.000000Z",
                  "updated_at": "2025-05-09T03:38:16.000000Z",
                  "children": [],
                  "text": "Maxi",
                  "state": {
                    "opened": true
                  },
                  "icon": "jstree-folder",
                  "level": 2
                }
              ],
              "text": "Dresses",
              "state": {
                "opened": true
              },
              "icon": "jstree-folder",
              "level": 1
            },
            {
              "id": 218,
              "store_id": 38,
              "name": "Jewelry",
              "parent_id": 145,
              "slug": "jewelry",
              "image": "https://eshop-pro.eshopweb.store/media/image?url=https%3A%2F%2Feshop-pro.eshopweb.store%2Fstorage%2F%2F%2Fmedia%2Fjewelry-1733916655_9838.jpg&width=400&quality=90",
              "banner": "https://eshop-pro.eshopweb.store/media/image?url=https%3A%2F%2Feshop-pro.eshopweb.store%2Fstorage%2F%2F%2Fmedia%2Fjewelry-1733916655_9838.jpg&width=400&quality=90",
              "style": "",
              "row_order": 0,
              "status": 1,
              "affiliate_commission": 0,
              "is_in_affiliate": 0,
              "clicks": 0,
              "created_at": "2024-12-11T06:01:05.000000Z",
              "updated_at": "2025-05-09T03:38:16.000000Z",
              "children": [
                {
                  "id": 219,
                  "store_id": 38,
                  "name": "Necklaces",
                  "parent_id": 218,
                  "slug": "necklaces",
                  "image": "https://eshop-pro.eshopweb.store/media/image?url=https%3A%2F%2Feshop-pro.eshopweb.store%2Fstorage%2F%2F%2Fmedia%2Fnecklaces-1733917765_5650.jpg&width=400&quality=90",
                  "banner": "https://eshop-pro.eshopweb.store/media/image?url=https%3A%2F%2Feshop-pro.eshopweb.store%2Fstorage%2F%2F%2Fmedia%2Fnecklaces-1733917765_5650.jpg&width=400&quality=90",
                  "style": "",
                  "row_order": 0,
                  "status": 1,
                  "affiliate_commission": 0,
                  "is_in_affiliate": 0,
                  "clicks": 0,
                  "created_at": "2024-12-11T06:19:37.000000Z",
                  "updated_at": "2025-05-09T03:38:16.000000Z",
                  "children": [],
                  "text": "Necklaces",
                  "state": {
                    "opened": true
                  },
                  "icon": "jstree-folder",
                  "level": 2
                },
                {
                  "id": 220,
                  "store_id": 38,
                  "name": "Earrings",
                  "parent_id": 218,
                  "slug": "earrings",
                  "image": "https://eshop-pro.eshopweb.store/media/image?url=https%3A%2F%2Feshop-pro.eshopweb.store%2Fstorage%2F%2F%2Fmedia%2Fearrings-1733919193_8000.jpg&width=400&quality=90",
                  "banner": "https://eshop-pro.eshopweb.store/media/image?url=https%3A%2F%2Feshop-pro.eshopweb.store%2Fstorage%2F%2F%2Fmedia%2Fearrings-1733919193_8000.jpg&width=400&quality=90",
                  "style": "",
                  "row_order": 0,
                  "status": 1,
                  "affiliate_commission": 0,
                  "is_in_affiliate": 0,
                  "clicks": 0,
                  "created_at": "2024-12-11T06:43:37.000000Z",
                  "updated_at": "2025-05-09T03:38:16.000000Z",
                  "children": [],
                  "text": "Earrings",
                  "state": {
                    "opened": true
                  },
                  "icon": "jstree-folder",
                  "level": 2
                },
                {
                  "id": 221,
                  "store_id": 38,
                  "name": "Rings",
                  "parent_id": 218,
                  "slug": "rings",
                  "image": "https://eshop-pro.eshopweb.store/media/image?url=https%3A%2F%2Feshop-pro.eshopweb.store%2Fstorage%2F%2F%2Fmedia%2Frings-1733919193_9131.jpg&width=400&quality=90",
                  "banner": "https://eshop-pro.eshopweb.store/media/image?url=https%3A%2F%2Feshop-pro.eshopweb.store%2Fstorage%2F%2F%2Fmedia%2Frings-1733919193_9131.jpg&width=400&quality=90",
                  "style": "",
                  "row_order": 0,
                  "status": 1,
                  "affiliate_commission": 0,
                  "is_in_affiliate": 0,
                  "clicks": 0,
                  "created_at": "2024-12-11T06:44:05.000000Z",
                  "updated_at": "2025-05-09T03:38:16.000000Z",
                  "children": [],
                  "text": "Rings",
                  "state": {
                    "opened": true
                  },
                  "icon": "jstree-folder",
                  "level": 2
                }
              ],
              "text": "Jewelry",
              "state": {
                "opened": true
              },
              "icon": "jstree-folder",
              "level": 1
            },
            {
              "id": 222,
              "store_id": 38,
              "name": "Bags & Wallets",
              "parent_id": 145,
              "slug": "bags-wallets",
              "image": "https://eshop-pro.eshopweb.store/media/image?url=https%3A%2F%2Feshop-pro.eshopweb.store%2Fstorage%2F%2F%2Fmedia%2Fbags-%26-wallets-1733921092_5699.jpg&width=400&quality=90",
              "banner": "https://eshop-pro.eshopweb.store/media/image?url=https%3A%2F%2Feshop-pro.eshopweb.store%2Fstorage%2F%2F%2Fmedia%2Fbags-%26-wallets-1733921092_5699.jpg&width=400&quality=90",
              "style": "",
              "row_order": 0,
              "status": 1,
              "affiliate_commission": 0,
              "is_in_affiliate": 0,
              "clicks": 0,
              "created_at": "2024-12-11T07:15:27.000000Z",
              "updated_at": "2025-05-09T03:38:16.000000Z",
              "children": [
                {
                  "id": 223,
                  "store_id": 38,
                  "name": "Handbags",
                  "parent_id": 222,
                  "slug": "handbags",
                  "image": "https://eshop-pro.eshopweb.store/media/image?url=https%3A%2F%2Feshop-pro.eshopweb.store%2Fstorage%2F%2F%2Fmedia%2Fhandbags-1733921763_2899.jpg&width=400&quality=90",
                  "banner": "https://eshop-pro.eshopweb.store/media/image?url=https%3A%2F%2Feshop-pro.eshopweb.store%2Fstorage%2F%2F%2Fmedia%2Fhandbags-1733921763_2899.jpg&width=400&quality=90",
                  "style": "",
                  "row_order": 0,
                  "status": 1,
                  "affiliate_commission": 0,
                  "is_in_affiliate": 0,
                  "clicks": 0,
                  "created_at": "2024-12-11T07:26:22.000000Z",
                  "updated_at": "2025-05-09T03:38:16.000000Z",
                  "children": [],
                  "text": "Handbags",
                  "state": {
                    "opened": true
                  },
                  "icon": "jstree-folder",
                  "level": 2
                },
                {
                  "id": 224,
                  "store_id": 38,
                  "name": "Backpacks",
                  "parent_id": 222,
                  "slug": "backpacks",
                  "image": "https://eshop-pro.eshopweb.store/media/image?url=https%3A%2F%2Feshop-pro.eshopweb.store%2Fstorage%2F%2F%2Fmedia%2Fbackpacks-1733926276_5074.jpg&width=400&quality=90",
                  "banner": "https://eshop-pro.eshopweb.store/media/image?url=https%3A%2F%2Feshop-pro.eshopweb.store%2Fstorage%2F%2F%2Fmedia%2Fbackpacks-1733926276_5074.jpg&width=400&quality=90",
                  "style": "",
                  "row_order": 0,
                  "status": 1,
                  "affiliate_commission": 0,
                  "is_in_affiliate": 0,
                  "clicks": 0,
                  "created_at": "2024-12-11T08:41:51.000000Z",
                  "updated_at": "2025-05-09T03:38:16.000000Z",
                  "children": [],
                  "text": "Backpacks",
                  "state": {
                    "opened": true
                  },
                  "icon": "jstree-folder",
                  "level": 2
                },
                {
                  "id": 225,
                  "store_id": 38,
                  "name": "Crossbody bags",
                  "parent_id": 222,
                  "slug": "crossbody-bags",
                  "image": "https://eshop-pro.eshopweb.store/media/image?url=https%3A%2F%2Feshop-pro.eshopweb.store%2Fstorage%2F%2F%2Fmedia%2Fcrossbody-bags-1733926276_4470.jpg&width=400&quality=90",
                  "banner": "https://eshop-pro.eshopweb.store/media/image?url=https%3A%2F%2Feshop-pro.eshopweb.store%2Fstorage%2F%2F%2Fmedia%2Fcrossbody-bags-1733926276_4470.jpg&width=400&quality=90",
                  "style": "",
                  "row_order": 0,
                  "status": 1,
                  "affiliate_commission": 0,
                  "is_in_affiliate": 0,
                  "clicks": 0,
                  "created_at": "2024-12-11T08:42:10.000000Z",
                  "updated_at": "2025-05-09T03:38:16.000000Z",
                  "children": [],
                  "text": "Crossbody bags",
                  "state": {
                    "opened": true
                  },
                  "icon": "jstree-folder",
                  "level": 2
                }
              ],
              "text": "Bags & Wallets",
              "state": {
                "opened": true
              },
              "icon": "jstree-folder",
              "level": 1
            }
          ],
          "text": "Women",
          "state": {
            "opened": true
          },
          "icon": "jstree-folder",
          "level": 0,
          "total": 1
        }
      ]
    },
    {
      "id": 54,
      "store_id": 38,
      "type": "default",
      "type_id": 0,
      "link": "",
      "image": "https://eshop-pro.eshopweb.store/storage/media/fashion_1-1737007080_3565.jpg",
      "created_at": "2025-01-16T00:28:35.000000Z",
      "updated_at": "2025-01-16T00:28:35.000000Z",
      "data": []
    },
    {
      "id": 55,
      "store_id": 38,
      "type": "default",
      "type_id": 0,
      "link": "",
      "image": "https://eshop-pro.eshopweb.store/storage/media/fashion_2-1737007080_3654.jpg",
      "created_at": "2025-01-16T00:28:48.000000Z",
      "updated_at": "2025-01-16T00:28:48.000000Z",
      "data": []
    },
    {
      "id": 59,
      "store_id": 38,
      "type": "categories",
      "type_id": 149,
      "link": "",
      "image": "https://eshop-pro.eshopweb.store/storage/media/slider-(10)-1760160728_7057.jpg",
      "created_at": "2025-10-11T05:32:36.000000Z",
      "updated_at": "2025-10-11T05:32:36.000000Z",
      "data": [
        {
          "id": 149,
          "store_id": 38,
          "name": "Furniture",
          "parent_id": 0,
          "slug": "furniture",
          "image": "https://eshop-pro.eshopweb.store/media/image?url=https%3A%2F%2Feshop-pro.eshopweb.store%2Fstorage%2F%2F%2Fmedia%2Ffurniture-1733499414_7165.jpg&width=400&quality=90",
          "banner": "https://eshop-pro.eshopweb.store/media/image?url=https%3A%2F%2Feshop-pro.eshopweb.store%2Fstorage%2F%2F%2Fmedia%2Ffurniture_banner-1733499414_3895.jpg&width=400&quality=90",
          "style": "",
          "row_order": 4,
          "status": 1,
          "affiliate_commission": 0,
          "is_in_affiliate": 0,
          "clicks": 450,
          "created_at": "2024-12-04T07:19:36.000000Z",
          "updated_at": "2025-11-14T09:37:54.000000Z",
          "children": [
            {
              "id": 265,
              "store_id": 38,
              "name": "Living Room",
              "parent_id": 149,
              "slug": "living-room",
              "image": "https://eshop-pro.eshopweb.store/media/image?url=https%3A%2F%2Feshop-pro.eshopweb.store%2Fstorage%2F%2F%2Fmedia%2Fliving-room-1734506761_3646.jpg&width=400&quality=90",
              "banner": "https://eshop-pro.eshopweb.store/media/image?url=https%3A%2F%2Feshop-pro.eshopweb.store%2Fstorage%2F%2F%2Fmedia%2Fliving-room-1734506761_3646.jpg&width=400&quality=90",
              "style": "",
              "row_order": 0,
              "status": 1,
              "affiliate_commission": 0,
              "is_in_affiliate": 0,
              "clicks": 0,
              "created_at": "2024-12-18T01:56:18.000000Z",
              "updated_at": "2025-05-09T03:38:16.000000Z",
              "children": [
                {
                  "id": 266,
                  "store_id": 38,
                  "name": "Chairs",
                  "parent_id": 265,
                  "slug": "chairs",
                  "image": "https://eshop-pro.eshopweb.store/media/image?url=https%3A%2F%2Feshop-pro.eshopweb.store%2Fstorage%2F%2F%2Fmedia%2Fchair-1734506761_2509.jpg&width=400&quality=90",
                  "banner": "https://eshop-pro.eshopweb.store/media/image?url=https%3A%2F%2Feshop-pro.eshopweb.store%2Fstorage%2F%2F%2Fmedia%2Fchair-1734506761_2509.jpg&width=400&quality=90",
                  "style": "",
                  "row_order": 0,
                  "status": 1,
                  "affiliate_commission": 0,
                  "is_in_affiliate": 0,
                  "clicks": 190,
                  "created_at": "2024-12-18T01:56:38.000000Z",
                  "updated_at": "2025-11-10T23:34:22.000000Z",
                  "children": [],
                  "text": "Chairs",
                  "state": {
                    "opened": true
                  },
                  "icon": "jstree-folder",
                  "level": 2
                },
                {
                  "id": 267,
                  "store_id": 38,
                  "name": "Sofa",
                  "parent_id": 265,
                  "slug": "sofa",
                  "image": "https://eshop-pro.eshopweb.store/media/image?url=https%3A%2F%2Feshop-pro.eshopweb.store%2Fstorage%2F%2F%2Fmedia%2Fsofa-1734506761_5489.jpg&width=400&quality=90",
                  "banner": "https://eshop-pro.eshopweb.store/media/image?url=https%3A%2F%2Feshop-pro.eshopweb.store%2Fstorage%2F%2F%2Fmedia%2Fsofa-1734506761_5489.jpg&width=400&quality=90",
                  "style": "",
                  "row_order": 0,
                  "status": 1,
                  "affiliate_commission": 0,
                  "is_in_affiliate": 0,
                  "clicks": 1987,
                  "created_at": "2024-12-18T01:56:53.000000Z",
                  "updated_at": "2025-11-14T04:52:49.000000Z",
                  "children": [],
                  "text": "Sofa",
                  "state": {
                    "opened": true
                  },
                  "icon": "jstree-folder",
                  "level": 2
                },
                {
                  "id": 268,
                  "store_id": 38,
                  "name": "Table",
                  "parent_id": 265,
                  "slug": "table",
                  "image": "https://eshop-pro.eshopweb.store/media/image?url=https%3A%2F%2Feshop-pro.eshopweb.store%2Fstorage%2F%2F%2Fmedia%2Ftable-1734506761_1689.jpg&width=400&quality=90",
                  "banner": "https://eshop-pro.eshopweb.store/media/image?url=https%3A%2F%2Feshop-pro.eshopweb.store%2Fstorage%2F%2F%2Fmedia%2Ftable-1734506761_1689.jpg&width=400&quality=90",
                  "style": "",
                  "row_order": 0,
                  "status": 1,
                  "affiliate_commission": 0,
                  "is_in_affiliate": 0,
                  "clicks": 1,
                  "created_at": "2024-12-18T01:57:15.000000Z",
                  "updated_at": "2025-05-09T03:38:16.000000Z",
                  "children": [],
                  "text": "Table",
                  "state": {
                    "opened": true
                  },
                  "icon": "jstree-folder",
                  "level": 2
                }
              ],
              "text": "Living Room",
              "state": {
                "opened": true
              },
              "icon": "jstree-folder",
              "level": 1
            },
            {
              "id": 269,
              "store_id": 38,
              "name": "Bedroom",
              "parent_id": 149,
              "slug": "bedroom",
              "image": "https://eshop-pro.eshopweb.store/media/image?url=https%3A%2F%2Feshop-pro.eshopweb.store%2Fstorage%2F%2F%2Fmedia%2Fbedroom-1734509702_9286.jpg&width=400&quality=90",
              "banner": "https://eshop-pro.eshopweb.store/media/image?url=https%3A%2F%2Feshop-pro.eshopweb.store%2Fstorage%2F%2F%2Fmedia%2Fbedroom-1734509702_9286.jpg&width=400&quality=90",
              "style": "",
              "row_order": 0,
              "status": 1,
              "affiliate_commission": 0,
              "is_in_affiliate": 0,
              "clicks": 0,
              "created_at": "2024-12-18T02:45:29.000000Z",
              "updated_at": "2025-05-09T03:38:16.000000Z",
              "children": [
                {
                  "id": 270,
                  "store_id": 38,
                  "name": "Bed",
                  "parent_id": 269,
                  "slug": "bed",
                  "image": "https://eshop-pro.eshopweb.store/media/image?url=https%3A%2F%2Feshop-pro.eshopweb.store%2Fstorage%2F%2F%2Fmedia%2Fbedjpg-1734509702_9092.jpg&width=400&quality=90",
                  "banner": "https://eshop-pro.eshopweb.store/media/image?url=https%3A%2F%2Feshop-pro.eshopweb.store%2Fstorage%2F%2F%2Fmedia%2Fbedjpg-1734509702_9092.jpg&width=400&quality=90",
                  "style": "",
                  "row_order": 0,
                  "status": 1,
                  "affiliate_commission": 0,
                  "is_in_affiliate": 0,
                  "clicks": 101,
                  "created_at": "2024-12-18T02:45:47.000000Z",
                  "updated_at": "2025-11-11T18:07:42.000000Z",
                  "children": [],
                  "text": "Bed",
                  "state": {
                    "opened": true
                  },
                  "icon": "jstree-folder",
                  "level": 2
                },
                {
                  "id": 271,
                  "store_id": 38,
                  "name": "Dressing Tables",
                  "parent_id": 269,
                  "slug": "dressing-tables",
                  "image": "https://eshop-pro.eshopweb.store/media/image?url=https%3A%2F%2Feshop-pro.eshopweb.store%2Fstorage%2F%2F%2Fmedia%2Fdressing-tables-1734509702_5958.jpg&width=400&quality=90",
                  "banner": "https://eshop-pro.eshopweb.store/media/image?url=https%3A%2F%2Feshop-pro.eshopweb.store%2Fstorage%2F%2F%2Fmedia%2Fdressing-tables-1734509702_5958.jpg&width=400&quality=90",
                  "style": "",
                  "row_order": 0,
                  "status": 1,
                  "affiliate_commission": 0,
                  "is_in_affiliate": 0,
                  "clicks": 112,
                  "created_at": "2024-12-18T02:46:02.000000Z",
                  "updated_at": "2025-11-08T03:34:02.000000Z",
                  "children": [],
                  "text": "Dressing Tables",
                  "state": {
                    "opened": true
                  },
                  "icon": "jstree-folder",
                  "level": 2
                },
                {
                  "id": 272,
                  "store_id": 38,
                  "name": "Closet & Wardrobe",
                  "parent_id": 269,
                  "slug": "closet-wardrobe",
                  "image": "https://eshop-pro.eshopweb.store/media/image?url=https%3A%2F%2Feshop-pro.eshopweb.store%2Fstorage%2F%2F%2Fmedia%2Fcloset-%26-wardrobe-1734509702_8634.jpg&width=400&quality=90",
                  "banner": "https://eshop-pro.eshopweb.store/media/image?url=https%3A%2F%2Feshop-pro.eshopweb.store%2Fstorage%2F%2F%2Fmedia%2Fcloset-%26-wardrobe-1734509702_8634.jpg&width=400&quality=90",
                  "style": "",
                  "row_order": 0,
                  "status": 1,
                  "affiliate_commission": 0,
                  "is_in_affiliate": 0,
                  "clicks": 147,
                  "created_at": "2024-12-18T02:46:28.000000Z",
                  "updated_at": "2025-11-11T18:07:26.000000Z",
                  "children": [],
                  "text": "Closet & Wardrobe",
                  "state": {
                    "opened": true
                  },
                  "icon": "jstree-folder",
                  "level": 2
                }
              ],
              "text": "Bedroom",
              "state": {
                "opened": true
              },
              "icon": "jstree-folder",
              "level": 1
            }
          ],
          "text": "Furniture",
          "state": {
            "opened": true
          },
          "icon": "jstree-folder",
          "level": 0,
          "total": 1
        }
      ]
    }
  ]
}