{
  "error": false,
  "message": "Seller retrieved successfully",
  "language_message_key": "seller_retrived_successfully",
  "total": 5,
  "data": [
    {
      "seller_id": 121,
      "user_id": 688,
      "seller_name": "Asgar",
      "email": "Asgar@wrteam.in",
      "mobile": "8866337244",
      "slug": "blacksmith",
      "rating": 0,
      "no_of_ratings": 0,
      "store_name": "Blacksmith",
      "store_url": "",
      "store_description": "Awesome store",
      "store_logo": "https://eshop-pro.eshopweb.store/storage/sellers/office-1760102080_5999.jpg",
      "balance": "0",
      "total_products": 0,
      "is_favorite": 0
    },
    {
      "seller_id": 120,
      "user_id": 681,
      "seller_name": "mahmood",
      "email": "mahmoodmoallim@gmail.com",
      "mobile": "00966555865157",
      "slug": "big-cart",
      "rating": 0,
      "no_of_ratings": 0,
      "store_name": "Big Cart",
      "store_url": "",
      "store_description": "baig cart",
      "store_logo": "https://eshop-pro.eshopweb.store/storage/sellers/women's-fashion-1759350767_8445.png",
      "balance": "0",
      "total_products": 0,
      "is_favorite": 0
    },
    {
      "seller_id": 115,
      "user_id": 416,
      "seller_name": "Havenly",
      "email": "Havenly@eshoppro.com",
      "mobile": "8200354906",
      "slug": "havenly",
      "rating": 0,
      "no_of_ratings": 0,
      "store_name": "Havenly",
      "store_url": "Havenly",
      "store_description": "Your one-stop destination for modern appliances and stylish furniture, crafted to elevate comfort and design in every corner of your home.",
      "store_logo": "https://eshop-pro.eshopweb.store/storage/sellers/havenly-1737099634_8024.png",
      "balance": "1,908.46",
      "total_products": 55,
      "is_favorite": 0
    },
    {
      "seller_id": 114,
      "user_id": 415,
      "seller_name": "Jack Wilson",
      "email": "jackwilson@eshoppro.com",
      "mobile": "8200354905",
      "slug": "little-wonders",
      "rating": 0,
      "no_of_ratings": 0,
      "store_name": "Little Wonders",
      "store_url": "Littlewonders",
      "store_description": "Little Wonders offers stylish, comfortable kids' clothing and fun toys designed to make childhood magical. Shop our playful collection for boys and girls today!",
      "store_logo": "https://eshop-pro.eshopweb.store/storage/sellers/freepik__the-style-is-candid-image-photography-with-natural__73113-1736600367_4506.jpeg",
      "balance": "0",
      "total_products": 0,
      "is_favorite": 0
    },
    {
      "seller_id": 91,
      "user_id": 358,
      "seller_name": "StyleMart",
      "email": "StyleMart@gmail.com",
      "mobile": "8140535858",
      "slug": "stylemart",
      "rating": 0,
      "no_of_ratings": 0,
      "store_name": "StyleMart",
      "store_url": "StyleMart",
      "store_description": "Your marketplace for chic and trendy fashion.",
      "store_logo": "https://eshop-pro.eshopweb.store/storage/sellers/logo-1733221549_8104.jpg",
      "balance": "4,659.61",
      "total_products": 3,
      "is_favorite": 0
    }
  ]
}