{
  "error": false,
  "message": "FAQ(s) Retrieved Successfully",
  "language_message_key": "faqs_retrieved_successfully",
  "total": 1,
  "data": [
    {
      "id": 26,
      "question": "It Is Pure Cotton Knit Product, You Can Wear In Any It Is Pure Cotton Knit Product, You Can Wear In Any Season It Is Pure Cotton Knit Product, You Can Wear In Any SeasonIt Is Pure Cotton Knit Product, You Can Wear In Any Season It Is Pure Cotton Knit Product, You Can Wear In Any SeasonSeason It Is Pure Cotton Knit Product, You Can Wear In Any Season",
      "answer": "It Is Pure Cotton Knit Product, You Can Wear In Any Season It Is Pure Cotton Knit Product, You Can Wear In Any SeasonIt Is Pure Cotton Knit Product, You Can Wear In Any Season It Is Pure Cotton Knit Product, You Can Wear In Any SeasonIt Is Pure Cotton Knit Product, You Can Wear In Any Season It Is Pure Cotton Knit Product, You Can Wear In Any SeasonIt Is Pure Cotton Knit Product, You Can Wear In Any Season It Is Pure Cotton Knit Product, You Can Wear In Any SeasonIt Is Pure Cotton Knit Product, You Can Wear In Any Season It Is Pure Cotton Knit Product, You Can Wear In Any SeasonIt Is Pure Cotton Knit Product, You Can Wear In Any Season It Is Pure Cotton Knit Product, You Can Wear In Any SeasonIt Is Pure Cotton Knit Product, You Can Wear In Any Season It Is Pure Cotton Knit Product, You Can Wear In Any SeasonIt Is Pure Cotton Knit Product, You Can Wear In Any Season It Is Pure Cotton Knit Product, You Can Wear In Any Season",
      "status": "1"
    }
  ]
}