{
  "error": false,
  "message": "Notifications retrieved successfully",
  "language_message_key": "notifications_retrieved_successfully",
  "total": "4",
  "data": [
    {
      "id": 1,
      "user_id": 101,
      "title": "Order Delivered",
      "message": "Your order ORD-2024-001 has been delivered successfully!",
      "type": "order",
      "type_id": 1001,
      "image": "https://eshop-pro.eshopweb.store/storage/notifications/delivery.png",
      "is_read": 1,
      "created_at": "2024-01-16 10:30:00"
    },
    {
      "id": 2,
      "user_id": 101,
      "title": "Special Offer",
      "message": "Get 20% off on all furniture items this weekend!",
      "type": "promotion",
      "type_id": null,
      "image": "https://eshop-pro.eshopweb.store/storage/notifications/offer.png",
      "is_read": 0,
      "created_at": "2024-01-20 09:00:00"
    },
    {
      "id": 3,
      "user_id": 101,
      "title": "Order Processing",
      "message": "Your order ORD-2024-002 is being processed.",
      "type": "order",
      "type_id": 1002,
      "image": "https://eshop-pro.eshopweb.store/storage/notifications/processing.png",
      "is_read": 0,
      "created_at": "2024-01-20 14:50:00"
    },
    {
      "id": 4,
      "user_id": 101,
      "title": "New Arrivals",
      "message": "Check out our latest collection of designer furniture!",
      "type": "announcement",
      "type_id": null,
      "image": "https://eshop-pro.eshopweb.store/storage/notifications/new_arrival.png",
      "is_read": 0,
      "created_at": "2024-01-22 08:00:00"
    }
  ]
}

