{
  "error": false,
  "message": "Sliders retrieved successfully",
  "language_message_key": "sliders_retrieved_successfully",
  "slider_images": [
    {
      "id": 53,
      "title": "Man's fasion",
      "category_ids": "146,145,144",
      "store_id": 38,
      "style": "style_2",
      "status": 1,
      "created_at": "2025-10-10T12:47:19.000000Z",
      "updated_at": "2025-10-10T12:55:55.000000Z",
      "banner_image": "https://eshop-pro.eshopweb.store/storage/media/slider_c-1760100428_6634.png",
      "background_color": "#ff5900",
      "category_data": [
        {
          "id": 146,
          "store_id": 38,
          "name": "Kids",
          "parent_id": 0,
          "slug": "kids",
          "image": "https://eshop-pro.eshopweb.store/storage/media/kids-1733494109_7439.jpg",
          "banner": "https://eshop-pro.eshopweb.store/storage/media/kids_banner-1733494109_5685.jpg",
          "style": "",
          "row_order": 3,
          "status": 1,
          "affiliate_commission": 0,
          "is_in_affiliate": 0,
          "clicks": 0,
          "created_at": "2024-12-03T07:55:00.000000Z",
          "updated_at": "2025-10-10T12:45:15.000000Z",
          "children_count": 4,
          "children": [
            {
              "id": 227,
              "store_id": 38,
              "name": "Top Wear",
              "parent_id": 146,
              "slug": "top-wear-2",
              "image": "https://eshop-pro.eshopweb.store/storage/media/kids_top-1734090929_3986.jpg",
              "banner": "https://eshop-pro.eshopweb.store/storage/media/kids_top-1734090929_3986.jpg",
              "style": "",
              "row_order": 0,
              "status": 1,
              "affiliate_commission": 0,
              "is_in_affiliate": 0,
              "clicks": 0,
              "created_at": "2024-12-13T01:36:59.000000Z",
              "updated_at": "2025-05-09T03:38:16.000000Z"
            },
            {
              "id": 233,
              "store_id": 38,
              "name": "Bottom Wear",
              "parent_id": 146,
              "slug": "bottom-wear-1",
              "image": "https://eshop-pro.eshopweb.store/storage/media/kids_bottom_wear-1734091094_4990.jpg",
              "banner": "https://eshop-pro.eshopweb.store/storage/media/kids_bottom_wear-1734091094_4990.jpg",
              "style": "",
              "row_order": 0,
              "status": 1,
              "affiliate_commission": 0,
              "is_in_affiliate": 0,
              "clicks": 0,
              "created_at": "2024-12-13T06:28:42.000000Z",
              "updated_at": "2025-05-09T03:38:16.000000Z"
            },
            {
              "id": 238,
              "store_id": 38,
              "name": "Outerwear",
              "parent_id": 146,
              "slug": "outerwear",
              "image": "https://eshop-pro.eshopweb.store/storage/media/kids-outerwear-1734094193_4943.jpg",
              "banner": "https://eshop-pro.eshopweb.store/storage/media/kids-outerwear-1734094193_4943.jpg",
              "style": "",
              "row_order": 0,
              "status": 1,
              "affiliate_commission": 0,
              "is_in_affiliate": 0,
              "clicks": 0,
              "created_at": "2024-12-13T07:20:53.000000Z",
              "updated_at": "2025-05-09T03:38:16.000000Z"
            },
            {
              "id": 242,
              "store_id": 38,
              "name": "Toys",
              "parent_id": 146,
              "slug": "toys",
              "image": "https://eshop-pro.eshopweb.store/storage/media/kids-toys-1734094722_1771.jpg",
              "banner": "https://eshop-pro.eshopweb.store/storage/media/kids-toys-1734094722_1771.jpg",
              "style": "",
              "row_order": 0,
              "status": 1,
              "affiliate_commission": 0,
              "is_in_affiliate": 0,
              "clicks": 0,
              "created_at": "2024-12-13T07:28:57.000000Z",
              "updated_at": "2025-05-09T03:38:16.000000Z"
            }
          ]
        },
        {
          "id": 145,
          "store_id": 38,
          "name": "Women",
          "parent_id": 0,
          "slug": "women",
          "image": "https://eshop-pro.eshopweb.store/storage/media/women-1733491824_5559.jpg",
          "banner": "https://eshop-pro.eshopweb.store/storage/media/women_banner-1733491824_8066.jpg",
          "style": "",
          "row_order": 2,
          "status": 1,
          "affiliate_commission": 0,
          "is_in_affiliate": 0,
          "clicks": 0,
          "created_at": "2024-12-03T07:36:33.000000Z",
          "updated_at": "2025-10-10T12:45:15.000000Z",
          "children_count": 5,
          "children": [
            {
              "id": 185,
              "store_id": 38,
              "name": "Top Wear",
              "parent_id": 145,
              "slug": "top-wear-1",
              "image": "https://eshop-pro.eshopweb.store/storage/media/top-wear-1733897379_3793.jpg",
              "banner": "https://eshop-pro.eshopweb.store/storage/media/top-wear-1733897379_3793.jpg",
              "style": "",
              "row_order": 0,
              "status": 1,
              "affiliate_commission": 0,
              "is_in_affiliate": 0,
              "clicks": 0,
              "created_at": "2024-12-11T00:40:33.000000Z",
              "updated_at": "2025-05-09T03:38:16.000000Z"
            },
            {
              "id": 209,
              "store_id": 38,
              "name": "Bottoms Wear",
              "parent_id": 145,
              "slug": "bottoms-wear",
              "image": "https://eshop-pro.eshopweb.store/storage/media/women-bottoms-wear-1733904661_5717.jpg",
              "banner": "https://eshop-pro.eshopweb.store/storage/media/women-bottoms-wear-1733904661_5717.jpg",
              "style": "",
              "row_order": 0,
              "status": 1,
              "affiliate_commission": 0,
              "is_in_affiliate": 0,
              "clicks": 0,
              "created_at": "2024-12-11T02:41:27.000000Z",
              "updated_at": "2025-05-09T03:38:16.000000Z"
            },
            {
              "id": 214,
              "store_id": 38,
              "name": "Dresses",
              "parent_id": 145,
              "slug": "dresses",
              "image": "https://eshop-pro.eshopweb.store/storage/media/women-casual-dress-1733911713_4354.jpg",
              "banner": "https://eshop-pro.eshopweb.store/storage/media/women-casual-dress-1733911713_4354.jpg",
              "style": "",
              "row_order": 0,
              "status": 1,
              "affiliate_commission": 0,
              "is_in_affiliate": 0,
              "clicks": 0,
              "created_at": "2024-12-11T04:38:42.000000Z",
              "updated_at": "2025-05-09T03:38:16.000000Z"
            },
            {
              "id": 218,
              "store_id": 38,
              "name": "Jewelry",
              "parent_id": 145,
              "slug": "jewelry",
              "image": "https://eshop-pro.eshopweb.store/storage/media/jewelry-1733916655_9838.jpg",
              "banner": "https://eshop-pro.eshopweb.store/storage/media/jewelry-1733916655_9838.jpg",
              "style": "",
              "row_order": 0,
              "status": 1,
              "affiliate_commission": 0,
              "is_in_affiliate": 0,
              "clicks": 0,
              "created_at": "2024-12-11T06:01:05.000000Z",
              "updated_at": "2025-05-09T03:38:16.000000Z"
            },
            {
              "id": 222,
              "store_id": 38,
              "name": "Bags & Wallets",
              "parent_id": 145,
              "slug": "bags-wallets",
              "image": "https://eshop-pro.eshopweb.store/storage/media/bags-&-wallets-1733921092_5699.jpg",
              "banner": "https://eshop-pro.eshopweb.store/storage/media/bags-&-wallets-1733921092_5699.jpg",
              "style": "",
              "row_order": 0,
              "status": 1,
              "affiliate_commission": 0,
              "is_in_affiliate": 0,
              "clicks": 0,
              "created_at": "2024-12-11T07:15:27.000000Z",
              "updated_at": "2025-05-09T03:38:16.000000Z"
            }
          ]
        },
        {
          "id": 144,
          "store_id": 38,
          "name": "Men",
          "parent_id": 0,
          "slug": "men",
          "image": "https://eshop-pro.eshopweb.store/storage/media/men-1733491775_3771.jpg",
          "banner": "https://eshop-pro.eshopweb.store/storage/media/men_banner-1733491775_3445.jpg",
          "style": "",
          "row_order": 1,
          "status": 1,
          "affiliate_commission": 0,
          "is_in_affiliate": 0,
          "clicks": 279,
          "created_at": "2024-12-03T07:25:14.000000Z",
          "updated_at": "2025-11-13T19:26:53.000000Z",
          "children_count": 6,
          "children": [
            {
              "id": 150,
              "store_id": 38,
              "name": "Top Wear",
              "parent_id": 144,
              "slug": "top-wear",
              "image": "https://eshop-pro.eshopweb.store/storage/media/men_top-1733894597_5848.jpg",
              "banner": "https://eshop-pro.eshopweb.store/storage/media/men_top-1733894597_5848.jpg",
              "style": "",
              "row_order": 0,
              "status": 1,
              "affiliate_commission": 0,
              "is_in_affiliate": 0,
              "clicks": 0,
              "created_at": "2024-12-04T07:46:08.000000Z",
              "updated_at": "2025-05-09T03:38:16.000000Z"
            },
            {
              "id": 154,
              "store_id": 38,
              "name": "Bottom Wear",
              "parent_id": 144,
              "slug": "bottom-wear",
              "image": "https://eshop-pro.eshopweb.store/storage/media/bottom_wear-1733725104_8999.jpg",
              "banner": "https://eshop-pro.eshopweb.store/storage/media/bottom_wear-1733725104_8999.jpg",
              "style": "",
              "row_order": 0,
              "status": 1,
              "affiliate_commission": 0,
              "is_in_affiliate": 0,
              "clicks": 0,
              "created_at": "2024-12-08T09:01:01.000000Z",
              "updated_at": "2025-05-09T03:38:16.000000Z"
            },
            {
              "id": 163,
              "store_id": 38,
              "name": "Winterwear",
              "parent_id": 144,
              "slug": "winterwear",
              "image": "https://eshop-pro.eshopweb.store/storage/media/winterwear-1733733102_6634.jpg",
              "banner": "https://eshop-pro.eshopweb.store/storage/media/winterwear-1733733102_6634.jpg",
              "style": "",
              "row_order": 0,
              "status": 1,
              "affiliate_commission": 0,
              "is_in_affiliate": 0,
              "clicks": 0,
              "created_at": "2024-12-09T03:01:58.000000Z",
              "updated_at": "2025-05-09T03:38:16.000000Z"
            },
            {
              "id": 167,
              "store_id": 38,
              "name": "Watches",
              "parent_id": 144,
              "slug": "watches",
              "image": "https://eshop-pro.eshopweb.store/storage/media/men-watches-1733741671_2826.jpg",
              "banner": "https://eshop-pro.eshopweb.store/storage/media/men-watches-1733741671_2826.jpg",
              "style": "",
              "row_order": 0,
              "status": 1,
              "affiliate_commission": 0,
              "is_in_affiliate": 0,
              "clicks": 0,
              "created_at": "2024-12-09T05:25:21.000000Z",
              "updated_at": "2025-05-09T03:38:16.000000Z"
            },
            {
              "id": 409,
              "store_id": 38,
              "name": "udi udi.",
              "parent_id": 144,
              "slug": "udi-udi",
              "image": "https://eshop-pro.eshopweb.store/storage/media/image_bc524b24-ff5a-47bb-af6e-5b93aa65940c_1747881694-1747881693_5010.jpeg",
              "banner": "https://eshop-pro.eshopweb.store/storage/media/jpeg_20250429_063829_4213504492497308985-1745888912_7056.jpg",
              "style": null,
              "row_order": 0,
              "status": 2,
              "affiliate_commission": 0,
              "is_in_affiliate": 0,
              "clicks": 0,
              "created_at": "2025-08-25T08:03:38.000000Z",
              "updated_at": "2025-08-25T08:03:38.000000Z"
            },
            {
              "id": 412,
              "store_id": 38,
              "name": "kindly rtis",
              "parent_id": 144,
              "slug": "kindly-rtis",
              "image": "https://eshop-pro.eshopweb.store/storage/media/jpeg_20250429_063829_4213504492497308985-1745888912_7056.jpg",
              "banner": "https://eshop-pro.eshopweb.store/storage/media/pexels-lukas-rychvalsky-670720-1747215161_4537.jpg",
              "style": null,
              "row_order": 0,
              "status": 2,
              "affiliate_commission": 0,
              "is_in_affiliate": 0,
              "clicks": 0,
              "created_at": "2025-10-08T20:12:00.000000Z",
              "updated_at": "2025-10-08T20:12:00.000000Z"
            }
          ]
        }
      ]
    }
  ]
}