{
  "error": false,
  "total": 11,
  "language_message_key": "cities_retrived_successfully",
  "data": [
    {
      "id": 39,
      "name": "Ahmedabad",
      "minimum_free_delivery_order_amount": 0,
      "delivery_charges": 0
    },
    {
      "id": 33,
      "name": "BHUJ",
      "minimum_free_delivery_order_amount": 10000,
      "delivery_charges": 0
    },
    {
      "id": 42,
      "name": "Delhi",
      "minimum_free_delivery_order_amount": 100,
      "delivery_charges": 80
    },
    {
      "id": 43,
      "name": "Jammu and Kashmir",
      "minimum_free_delivery_order_amount": 800,
      "delivery_charges": 600
    },
    {
      "id": 41,
      "name": "Mumbai",
      "minimum_free_delivery_order_amount": 10,
      "delivery_charges": 10
    },
    {
      "id": 35,
      "name": "Mundra",
      "minimum_free_delivery_order_amount": 0,
      "delivery_charges": 0
    },
    {
      "id": 34,
      "name": "SURAT",
      "minimum_free_delivery_order_amount": 10000000000,
      "delivery_charges": 99
    },
    {
      "id": 36,
      "name": "Saputara",
      "minimum_free_delivery_order_amount": 0,
      "delivery_charges": 0
    },
    {
      "id": 40,
      "name": "Vadodara",
      "minimum_free_delivery_order_amount": 0,
      "delivery_charges": 0
    },
    {
      "id": 45,
      "name": "city 2",
      "minimum_free_delivery_order_amount": 50,
      "delivery_charges": 10
    },
    {
      "id": 44,
      "name": "city",
      "minimum_free_delivery_order_amount": 50,
      "delivery_charges": 10
    }
  ]
}