{
  "error": false,
  "message": "Store(s) retrieved successfully",
  "total": 3,
  "data": [
    {
      "id": 44,
      "name": "New Pharmacy",
      "description": "Your trusted pharmacy for quality medicines, health essentials, and expert care.",
      "is_single_seller_order_system": 0,
      "is_default_store": 0,
      "note_for_necessary_documents": null,
      "primary_color": "#2663ff",
      "secondary_color": "#808080",
      "active_color": "#000000",
      "hover_color": "#ff9e9e",
      "background_color": "#eef6fd",
      "store_settings": {
        "store_style": "header_style_3",
        "product_style": "style_2",
        "category_section_title": "Shop by Category",
        "category_style": "category_style_1",
        "category_card_style": "category_card_style_2",
        "brand_style": "brands_style_2",
        "offer_slider_style": "slider_style_1"
      },
      "image": "https://eshop-pro.eshopweb.store/storage/store_images/freepik_edit_a-modern-pharmacy-interior-with-a-warm-and-invitin-1737088542_3919.jpg",
      "banner_image": "https://eshop-pro.eshopweb.store/storage/store_images/660663339bfb40.354040381711694643-1736942201_3763.jpg",
      "banner_image_for_most_selling_product": "https://eshop-pro.eshopweb.store/storage/store_images/pharmercy-1736942201_5398.png",
      "stack_image": "https://eshop-pro.eshopweb.store/storage/store_images/pharmercy-1736942201_6914.png",
      "login_image": "https://eshop-pro.eshopweb.store/storage/store_images/pharmercy-1736942201_8077.png",
      "status": 1,
      "delivery_charge_type": "global_delivery_charge",
      "delivery_charge_amount": 0,
      "minimum_free_delivery_amount": 100,
      "product_deliverability_type": "city_wise_deliverability",
      "custom_fields": []
    },
    {
      "id": 41,
      "name": "Prime Pantry",
      "description": "Prime Pantry is a premium grocery store offering a curated selection of high-quality essentials, fresh produce, and gourmet products to elevate your shopping experience. From pantry staples to exclusive organic and artisanal items, we cater to every household need conveniently and excellently. At Prime Pantry, we blend quality, variety, and value to ensure your kitchen is always stocked with the best.",
      "is_single_seller_order_system": 0,
      "is_default_store": 0,
      "note_for_necessary_documents": "",
      "primary_color": "#8CC63E",
      "secondary_color": "#201A1A",
      "active_color": "#416512",
      "hover_color": "#649B1A",
      "background_color": "#f5f8f9",
      "store_settings": {
        "store_style": "header_style_3",
        "product_style": "style_3",
        "category_section_title": "Shop By Category",
        "category_style": "category_style_1",
        "category_card_style": "category_card_style_3",
        "brand_style": "brands_style_1",
        "offer_slider_style": "slider_style_1",
        "web_home_page_theme": "web_home_page_theme_1",
        "products_display_style_for_web": "products_display_style_for_web_1",
        "categories_display_style_for_web": "categories_display_style_for_web_1",
        "brands_display_style_for_web": "brands_display_style_for_web_1",
        "wishlist_display_style_for_web": "wishlist_display_style_for_web_1",
        "web_product_details_style": "web_product_details_style_1"
      },
      "image": "https://eshop-pro.eshopweb.store/storage/store_images/prime-pantry-1735195355_2690.jpg",
      "banner_image": "https://eshop-pro.eshopweb.store/storage/store_images/interior-modern-grocery-store-with-products-display-1735195355_7464.jpg",
      "banner_image_for_most_selling_product": "https://eshop-pro.eshopweb.store/storage/store_images/untitled-1-1735195355_1040.jpg",
      "stack_image": "https://eshop-pro.eshopweb.store/storage/store_images/interior-modern-grocery-store-with-products-display-1735195355_2044.jpg",
      "login_image": "https://eshop-pro.eshopweb.store/storage/store_images/untitled-2-1735195546_3166.jpg",
      "status": 1,
      "delivery_charge_type": "product_wise_delivery_charge",
      "delivery_charge_amount": 0,
      "minimum_free_delivery_amount": 0,
      "product_deliverability_type": "zipcode_wise_deliverability",
      "custom_fields": []
    },
    {
      "id": 38,
      "name": "LuxeLine - eCommerce",
      "description": "LuxeLine is a premier fashion destination offering a curated selection of stylish apparel, accessories, and trends. We blend elegance and modernity to help fashion-forward individuals create their unique style statements.",
      "is_single_seller_order_system": 0,
      "is_default_store": 1,
      "note_for_necessary_documents": "",
      "primary_color": "#B52046",
      "secondary_color": "#201A1A",
      "active_color": "#6D132A",
      "hover_color": "#911A38",
      "background_color": "#F5F8F9",
      "store_settings": {
        "store_style": "header_style_3",
        "product_style": "style_1",
        "category_section_title": "Shop By Category",
        "category_style": "category_style_1",
        "category_card_style": "category_card_style_3",
        "brand_style": "brands_style_2",
        "offer_slider_style": "slider_style_1",
        "web_home_page_theme": "web_home_page_theme_1",
        "products_display_style_for_web": "products_display_style_for_web_4",
        "categories_display_style_for_web": "categories_display_style_for_web_1",
        "brands_display_style_for_web": "brands_display_style_for_web_2",
        "wishlist_display_style_for_web": "wishlist_display_style_for_web_2",
        "web_product_details_style": "web_product_details_style_2"
      },
      "image": "https://eshop-pro.eshopweb.store/storage/store_images/luxeline-1736509855_2361.jpg",
      "banner_image": "https://eshop-pro.eshopweb.store/storage/store_images/banner-1733205885_4985.jpg",
      "banner_image_for_most_selling_product": "https://eshop-pro.eshopweb.store/storage/store_images/most-selling-1733205885_5365.jpg",
      "stack_image": "https://eshop-pro.eshopweb.store/storage/store_images/banner-1733205885_9283.jpg",
      "login_image": "https://eshop-pro.eshopweb.store/storage/store_images/login-1733205885_6523.jpg",
      "status": 1,
      "delivery_charge_type": "city_wise_delivery_charge",
      "delivery_charge_amount": 150,
      "minimum_free_delivery_amount": 499,
      "product_deliverability_type": "city_wise_deliverability",
      "custom_fields": [
        {
          "id": 1,
          "name": "التصنيف",
          "type": "dropdown",
          "field_length": null,
          "min": null,
          "max": null,
          "required": false,
          "active": true,
          "options": [
            "بقاله، صيدليه ، سيارات"
          ]
        },
        {
          "id": 2,
          "name": "Hh",
          "type": "file",
          "field_length": null,
          "min": null,
          "max": null,
          "required": false,
          "active": true,
          "options": []
        },
        {
          "id": 3,
          "name": "ঠডুট",
          "type": "date",
          "field_length": null,
          "min": null,
          "max": null,
          "required": false,
          "active": true,
          "options": []
        },
        {
          "id": 4,
          "name": "Notes",
          "type": "text",
          "field_length": null,
          "min": null,
          "max": null,
          "required": false,
          "active": true,
          "options": []
        },
        {
          "id": 5,
          "name": "Colors",
          "type": "dropdown",
          "field_length": null,
          "min": null,
          "max": null,
          "required": false,
          "active": true,
          "options": [
            "Black",
            "White",
            "Red",
            "Blue",
            "Silver",
            "Gray",
            "Green",
            "Yellow",
            "Orange",
            "Purple"
          ]
        },
        {
          "id": 6,
          "name": "Single seller cart",
          "type": "checkbox",
          "field_length": null,
          "min": null,
          "max": null,
          "required": false,
          "active": true,
          "options": []
        },
        {
          "id": 7,
          "name": "HAJA",
          "type": "text",
          "field_length": 100,
          "min": null,
          "max": null,
          "required": true,
          "active": true,
          "options": []
        },
        {
          "id": 8,
          "name": "Crazy Hacked",
          "type": "radio",
          "field_length": null,
          "min": null,
          "max": null,
          "required": false,
          "active": true,
          "options": []
        }
      ]
    }
  ]
}