{
  "error": false,
  "message": "Top-selling products retrieved successfully",
  "language_message_key": "top_selling_products_retrieved_successfully",
  "category_ids": "267,149,144,264,260",
  "brand_ids": "116,172,117",
  "data": [
    {
      "product_id": 968,
      "category_id": 267,
      "brand_id": "116",
      "product_name": "Modern Linen Sofa with a Touch of Mid-Century Flair",
      "short_description": "Add timeless charm to your living space with the Modern Linen Sofa, combining mid-century aesthetics with luxurious comfort.",
      "created_at": "2025-01-25T04:54:39.000000Z",
      "image": "https://eshop-pro.eshopweb.store/storage/media/modern-linen-sofa-with-a-touch-of-mid-century-flair-1737800652_7591.jpg",
      "rating": "0.0",
      "no_of_ratings": 0,
      "special_price": 0,
      "price": 942.8199999999999,
      "type": "variable_product",
      "tax": "16",
      "deliverable_zipcodes": "",
      "deliverable_type": 1,
      "is_prices_inclusive_tax": 0,
      "tax_percentage": "18",
      "tax_id": "16",
      "total_quantity_sold": "63",
      "total_sales": 62229,
      "is_favorite": 0,
      "is_deliverable": true,
      "new_arrival": false,
      "best_seller": true
    },
    {
      "product_id": 967,
      "category_id": 267,
      "brand_id": "116",
      "product_name": "LuxoLounge Teak Sofa - Perfect for Indoor & Outdoor Living",
      "short_description": "Experience timeless comfort with the LuxoLounge Teak Sofa, crafted for indoor elegance or outdoor relaxation.",
      "created_at": "2025-01-24T23:40:45.000000Z",
      "image": "https://eshop-pro.eshopweb.store/storage/media/teak-sofa-for-indooroutdoor-living-1737781813_1511.jpg",
      "rating": "0.0",
      "no_of_ratings": 0,
      "special_price": 899.99,
      "price": 1099,
      "type": "variable_product",
      "tax": "16",
      "deliverable_zipcodes": "",
      "deliverable_type": 1,
      "is_prices_inclusive_tax": 1,
      "tax_percentage": "18",
      "tax_id": "16",
      "total_quantity_sold": "49",
      "total_sales": 47588,
      "is_favorite": 0,
      "is_deliverable": true,
      "new_arrival": false,
      "best_seller": false
    },
    {
      "product_id": 1012,
      "category_id": 149,
      "brand_id": "172",
      "product_name": "Velvet Armchair with Wood Legs",
      "short_description": "A luxurious velvet armchair with elegant wood legs, offering both comfort and sophistication for your living room, office, or reading nook.",
      "created_at": "2025-01-28T07:43:52.000000Z",
      "image": "https://eshop-pro.eshopweb.store/storage/media/velvet-armchair-with-wood-legs-1738070005_2977.jpg",
      "rating": "0.0",
      "no_of_ratings": 0,
      "special_price": 0,
      "price": 180,
      "type": "simple_product",
      "tax": "",
      "deliverable_zipcodes": "",
      "deliverable_type": 1,
      "is_prices_inclusive_tax": 1,
      "tax_percentage": null,
      "tax_id": "",
      "total_quantity_sold": "61",
      "total_sales": 10980,
      "is_favorite": 0,
      "is_deliverable": true,
      "new_arrival": false,
      "best_seller": true
    },
    {
      "product_id": 544,
      "category_id": 144,
      "brand_id": "",
      "product_name": "Unisex Oversized Hoodie - White",
      "short_description": "Comfortable unisex oversized hoodie in white, ideal for casual or couple styling.",
      "created_at": "2025-01-08T07:38:10.000000Z",
      "image": "https://eshop-pro.eshopweb.store/storage/media/new-1736408631_3949.jpg",
      "rating": "0.0",
      "no_of_ratings": 0,
      "special_price": 199.42,
      "price": 352.82,
      "type": "simple_product",
      "tax": "16",
      "deliverable_zipcodes": "",
      "deliverable_type": 1,
      "is_prices_inclusive_tax": 0,
      "tax_percentage": "18",
      "tax_id": "16",
      "total_quantity_sold": "45",
      "total_sales": 8973,
      "is_favorite": 0,
      "is_deliverable": true,
      "new_arrival": false,
      "best_seller": false
    },
    {
      "product_id": 821,
      "category_id": 264,
      "brand_id": "117",
      "product_name": "High-Performance Wall-Mounted Split-Type Air Conditioner",
      "short_description": "Experience superior cooling with the High-Performance Wall-Mounted Split-Type Air Conditioner. Designed for powerful, energy-efficient performance, it combines quiet operation and modern features, making it perfect for both residential and commercial spaces.",
      "created_at": "2025-01-16T07:12:00.000000Z",
      "image": "https://eshop-pro.eshopweb.store/storage/media/high-performance-wall-mounted-split-type-air-conditioner-1737031300_3464.jpg",
      "rating": "0.0",
      "no_of_ratings": 0,
      "special_price": 0,
      "price": 600,
      "type": "variable_product",
      "tax": "",
      "deliverable_zipcodes": "",
      "deliverable_type": 1,
      "is_prices_inclusive_tax": 1,
      "tax_percentage": null,
      "tax_id": "",
      "total_quantity_sold": "12",
      "total_sales": 7600,
      "is_favorite": 0,
      "is_deliverable": true,
      "new_arrival": false,
      "best_seller": true
    },
    {
      "product_id": 818,
      "category_id": 264,
      "brand_id": "",
      "product_name": "Mounted Air Conditioner",
      "short_description": "A sleek and efficient Mounted-Air-Conditioner designed to provide optimal cooling while blending seamlessly with your space. Perfect for homes, offices, and commercial settings.",
      "created_at": "2025-01-16T06:59:30.000000Z",
      "image": "https://eshop-pro.eshopweb.store/storage/media/compact-window-mounted-air-conditioner-with-8,000-btu-cooling-capacity-1737030521_3426.jpg",
      "rating": "0.0",
      "no_of_ratings": 0,
      "special_price": 0,
      "price": 800,
      "type": "variable_product",
      "tax": "",
      "deliverable_zipcodes": "",
      "deliverable_type": 1,
      "is_prices_inclusive_tax": 1,
      "tax_percentage": null,
      "tax_id": "",
      "total_quantity_sold": "9",
      "total_sales": 7200,
      "is_favorite": 0,
      "is_deliverable": true,
      "new_arrival": false,
      "best_seller": false
    },
    {
      "product_id": 543,
      "category_id": 144,
      "brand_id": "",
      "product_name": "Casual Short-Sleeve Hoodie",
      "short_description": "Stylish short-sleeve hoodie, ideal for casual outings.",
      "created_at": "2025-01-08T07:25:23.000000Z",
      "image": "https://eshop-pro.eshopweb.store/storage/media/product-image-(1)-1736507409_3155.png",
      "rating": "0.0",
      "no_of_ratings": 0,
      "special_price": 116.82,
      "price": 175.82,
      "type": "simple_product",
      "tax": "16",
      "deliverable_zipcodes": "",
      "deliverable_type": 1,
      "is_prices_inclusive_tax": 0,
      "tax_percentage": "18",
      "tax_id": "16",
      "total_quantity_sold": "57",
      "total_sales": 6658,
      "is_favorite": 0,
      "is_deliverable": true,
      "new_arrival": false,
      "best_seller": false
    },
    {
      "product_id": 582,
      "category_id": 260,
      "brand_id": "",
      "product_name": "Horizon Pro Wall Mount TV",
      "short_description": "Transform your living room with the Horizon Pro Wall Mount TV.",
      "created_at": "2025-01-12T03:02:08.000000Z",
      "image": "https://eshop-pro.eshopweb.store/storage/media/the-horizon-pro-low-profile-tv-wall-mount-1736670705_3564.jpg",
      "rating": "0.0",
      "no_of_ratings": 0,
      "special_price": 149,
      "price": 199,
      "type": "simple_product",
      "tax": "",
      "deliverable_zipcodes": "",
      "deliverable_type": 1,
      "is_prices_inclusive_tax": 0,
      "tax_percentage": null,
      "tax_id": "",
      "total_quantity_sold": "32",
      "total_sales": 4768,
      "is_favorite": 0,
      "is_deliverable": true,
      "new_arrival": false,
      "best_seller": false
    },
    {
      "product_id": 1010,
      "category_id": 149,
      "brand_id": "172",
      "product_name": "Round Papasan Chair with Wooden Base",
      "short_description": "A cozy round papasan chair with a sturdy wooden base, offering ultimate comfort and a stylish, relaxed seating option for any space.",
      "created_at": "2025-01-28T07:40:55.000000Z",
      "image": "https://eshop-pro.eshopweb.store/storage/media/round-papasan-chair-with-wooden-base-1738069824_8319.jpg",
      "rating": "0.0",
      "no_of_ratings": 0,
      "special_price": 0,
      "price": 150,
      "type": "simple_product",
      "tax": "",
      "deliverable_zipcodes": "",
      "deliverable_type": 1,
      "is_prices_inclusive_tax": 1,
      "tax_percentage": null,
      "tax_id": "",
      "total_quantity_sold": "25",
      "total_sales": 3750,
      "is_favorite": 0,
      "is_deliverable": true,
      "new_arrival": false,
      "best_seller": false
    },
    {
      "product_id": 822,
      "category_id": 264,
      "brand_id": "116",
      "product_name": "Portable Evaporative Cooler with Oscillation and Multiple Speed Settings",
      "short_description": "The Portable Evaporative Cooler combines efficiency and versatility, providing a refreshing breeze in any room. With oscillation and multiple speed settings, it offers customizable cooling to keep your space comfortable, wherever you need it.",
      "created_at": "2025-01-16T07:16:04.000000Z",
      "image": "https://eshop-pro.eshopweb.store/storage/media/portable-evaporative-cooler-with-oscillation-and-multiple-speed-settings-1737031533_9847.jpg",
      "rating": "0.0",
      "no_of_ratings": 0,
      "special_price": 0,
      "price": 400,
      "type": "variable_product",
      "tax": "",
      "deliverable_zipcodes": "",
      "deliverable_type": 1,
      "is_prices_inclusive_tax": 1,
      "tax_percentage": null,
      "tax_id": "",
      "total_quantity_sold": "6",
      "total_sales": 3199,
      "is_favorite": 0,
      "is_deliverable": true,
      "new_arrival": false,
      "best_seller": false
    }
  ]
}