{
  "error": false,
  "message": "User registered successfully",
  "language_message_key": "user_registered_successfully",
  "user": {
    "id": 102,
    "role_id": 2,
    "ip_address": "127.0.0.1",
    "username": "newuser",
    "email": "new.user@example.com",
    "mobile": "9876543210",
    "country_code": "+91",
    "image": "https://eshop-pro.eshopweb.store/storage/default_profile.png",
    "balance": 0.00,
    "activation_selector": null,
    "activation_code": null,
    "forgotten_password_selector": null,
    "forgotten_password_code": null,
    "forgotten_password_time": null,
    "remember_selector": null,
    "remember_code": null,
    "created_on": 1737561600,
    "last_login": 1737561600,
    "active": 1,
    "company": null,
    "address": null,
    "bonus": 0,
    "cash_received": 0,
    "dob": null,
    "city": null,
    "area": null,
    "street": null,
    "pincode": null,
    "apikey": null,
    "referral_code": "NEW456",
    "friends_code": null,
    "fcm_id": [],
    "latitude": null,
    "longitude": null,
    "created_at": "2024-01-22 00:00:00",
    "type": "phone",
    "is_notification_on": 1
  },
  "token": "mock-jwt-token-67890"
}

