{
  "error": false,
  "message": "User verified successfully",
  "language_message_key": "user_verified_successfully",
  "user": {
    "id": 101,
    "role_id": 2,
    "ip_address": "127.0.0.1",
    "username": "mockuser",
    "email": "mock.user@example.com",
    "mobile": "6395901821",
    "country_code": "+91",
    "image": "https://eshop-pro.eshopweb.store/storage/default_profile.png",
    "balance": 500.00,
    "activation_selector": null,
    "activation_code": null,
    "forgotten_password_selector": null,
    "forgotten_password_code": null,
    "forgotten_password_time": null,
    "remember_selector": null,
    "remember_code": null,
    "created_on": 1704067200,
    "last_login": 1737561600,
    "active": 1,
    "company": null,
    "address": null,
    "bonus": 0,
    "cash_received": 0,
    "dob": null,
    "city": null,
    "area": null,
    "street": null,
    "pincode": null,
    "apikey": null,
    "referral_code": "MOCK123",
    "friends_code": null,
    "fcm_id": [],
    "latitude": null,
    "longitude": null,
    "created_at": "2024-01-01 00:00:00",
    "type": "phone",
    "is_notification_on": 1
  },
  "token": "mock-jwt-token-12345"
}

